[  {
    "model": "working_waterfronts_api.Image",
    "pk": "0",
    "fields": {
      "image": "0",
      "caption": "0",
      "name": "0",
      "created": "2014-08-08 23:27:05.568395+00:00",
      "modified": "2014-08-08 23:27:05.568395+00:00"
    }
  },
  {
    "model": "working_waterfronts_api.Video",
    "pk": "0",
    "fields": {
      "video": "0",
      "name": "0",
      "caption": "0",
      "created": "2014-08-08 23:27:05.568395+00:00",
      "modified": "2014-08-08 23:27:05.568395+00:00"
    }
  },
  {
    "model": "working_waterfronts_api.Category",
    "pk": "0",
    "fields": {
      "category": "0",
      "created": "2014-08-08 23:27:05.568395+00:00",
      "modified": "2014-08-08 23:27:05.568395+00:00"
    }
  },
  {
    "model": "working_waterfronts_api.Hazard",
    "pk": "0",
    "fields": {
      "name": "0",
      "description": "0",
      "pointofinterests": [0],
      "created": "2014-08-08 23:27:05.568395+00:00",
      "modified": "2014-08-08 23:27:05.568395+00:00"
    }
  },
  {
    "model": "working_waterfronts_api.PointOfInterest",
    "pk": "0",
    "fields": {
      "name": "0",
      "alt_name": "",
      "description": "0",
      "history": "0",
      "facts": "0",
      "location": "POINT (-124.1053399999999982 43.9668739999999971)",
      "street": "0",
      "city": "0",
      "state": "0",
      "location_description": "out on the cape over there",
      "zip": "11234",
      "website": "",
      "email": "",
      "phone": "",
      "hazards": [0],
      "categories": [0],
      "created": "2014-08-08 23:27:05.568395+00:00",
      "modified": "2014-08-08 23:27:05.568395+00:00"
    }
  },  {
    "model": "working_waterfronts_api.Image",
    "pk": "1",
    "fields": {
      "image": "1",
      "caption": "1",
      "name": "1",
      "created": "2014-08-08 23:27:05.568395+00:00",
      "modified": "2014-08-08 23:27:05.568395+00:00"
    }
  },
  {
    "model": "working_waterfronts_api.Video",
    "pk": "1",
    "fields": {
      "video": "1",
      "name": "1",
      "caption": "1",
      "created": "2014-08-08 23:27:05.568395+00:00",
      "modified": "2014-08-08 23:27:05.568395+00:00"
    }
  },
  {
    "model": "working_waterfronts_api.Category",
    "pk": "1",
    "fields": {
      "category": "1",
      "created": "2014-08-08 23:27:05.568395+00:00",
      "modified": "2014-08-08 23:27:05.568395+00:00"
    }
  },
  {
    "model": "working_waterfronts_api.Hazard",
    "pk": "1",
    "fields": {
      "name": "1",
      "description": "1",
      "pointofinterests": [1],
      "created": "2014-08-08 23:27:05.568395+00:00",
      "modified": "2014-08-08 23:27:05.568395+00:00"
    }
  },
  {
    "model": "working_waterfronts_api.PointOfInterest",
    "pk": "1",
    "fields": {
      "name": "1",
      "alt_name": "",
      "description": "1",
      "history": "1",
      "facts": "1",
      "location": "POINT (-124.1053399999999982 43.9668739999999971)",
      "street": "1",
      "city": "1",
      "state": "1",
      "location_description": "out on the cape over there",
      "zip": "11234",
      "website": "",
      "email": "",
      "phone": "",
      "hazards": [1],
      "categories": [1],
      "created": "2014-08-08 23:27:05.568395+00:00",
      "modified": "2014-08-08 23:27:05.568395+00:00"
    }
  },  {
    "model": "working_waterfronts_api.Image",
    "pk": "2",
    "fields": {
      "image": "2",
      "caption": "2",
      "name": "2",
      "created": "2014-08-08 23:27:05.568395+00:00",
      "modified": "2014-08-08 23:27:05.568395+00:00"
    }
  },
  {
    "model": "working_waterfronts_api.Video",
    "pk": "2",
    "fields": {
      "video": "2",
      "name": "2",
      "caption": "2",
      "created": "2014-08-08 23:27:05.568395+00:00",
      "modified": "2014-08-08 23:27:05.568395+00:00"
    }
  },
  {
    "model": "working_waterfronts_api.Category",
    "pk": "2",
    "fields": {
      "category": "2",
      "created": "2014-08-08 23:27:05.568395+00:00",
      "modified": "2014-08-08 23:27:05.568395+00:00"
    }
  },
  {
    "model": "working_waterfronts_api.Hazard",
    "pk": "2",
    "fields": {
      "name": "2",
      "description": "2",
      "pointofinterests": [2],
      "created": "2014-08-08 23:27:05.568395+00:00",
      "modified": "2014-08-08 23:27:05.568395+00:00"
    }
  },
  {
    "model": "working_waterfronts_api.PointOfInterest",
    "pk": "2",
    "fields": {
      "name": "2",
      "alt_name": "",
      "description": "2",
      "history": "2",
      "facts": "2",
      "location": "POINT (-124.1053399999999982 43.9668739999999971)",
      "street": "2",
      "city": "2",
      "state": "2",
      "location_description": "out on the cape over there",
      "zip": "11234",
      "website": "",
      "email": "",
      "phone": "",
      "hazards": [2],
      "categories": [2],
      "created": "2014-08-08 23:27:05.568395+00:00",
      "modified": "2014-08-08 23:27:05.568395+00:00"
    }
  },  {
    "model": "working_waterfronts_api.Image",
    "pk": "3",
    "fields": {
      "image": "3",
      "caption": "3",
      "name": "3",
      "created": "2014-08-08 23:27:05.568395+00:00",
      "modified": "2014-08-08 23:27:05.568395+00:00"
    }
  },
  {
    "model": "working_waterfronts_api.Video",
    "pk": "3",
    "fields": {
      "video": "3",
      "name": "3",
      "caption": "3",
      "created": "2014-08-08 23:27:05.568395+00:00",
      "modified": "2014-08-08 23:27:05.568395+00:00"
    }
  },
  {
    "model": "working_waterfronts_api.Category",
    "pk": "3",
    "fields": {
      "category": "3",
      "created": "2014-08-08 23:27:05.568395+00:00",
      "modified": "2014-08-08 23:27:05.568395+00:00"
    }
  },
  {
    "model": "working_waterfronts_api.Hazard",
    "pk": "3",
    "fields": {
      "name": "3",
      "description": "3",
      "pointofinterests": [3],
      "created": "2014-08-08 23:27:05.568395+00:00",
      "modified": "2014-08-08 23:27:05.568395+00:00"
    }
  },
  {
    "model": "working_waterfronts_api.PointOfInterest",
    "pk": "3",
    "fields": {
      "name": "3",
      "alt_name": "",
      "description": "3",
      "history": "3",
      "facts": "3",
      "location": "POINT (-124.1053399999999982 43.9668739999999971)",
      "street": "3",
      "city": "3",
      "state": "3",
      "location_description": "out on the cape over there",
      "zip": "11234",
      "website": "",
      "email": "",
      "phone": "",
      "hazards": [3],
      "categories": [3],
      "created": "2014-08-08 23:27:05.568395+00:00",
      "modified": "2014-08-08 23:27:05.568395+00:00"
    }
  },  {
    "model": "working_waterfronts_api.Image",
    "pk": "4",
    "fields": {
      "image": "4",
      "caption": "4",
      "name": "4",
      "created": "2014-08-08 23:27:05.568395+00:00",
      "modified": "2014-08-08 23:27:05.568395+00:00"
    }
  },
  {
    "model": "working_waterfronts_api.Video",
    "pk": "4",
    "fields": {
      "video": "4",
      "name": "4",
      "caption": "4",
      "created": "2014-08-08 23:27:05.568395+00:00",
      "modified": "2014-08-08 23:27:05.568395+00:00"
    }
  },
  {
    "model": "working_waterfronts_api.Category",
    "pk": "4",
    "fields": {
      "category": "4",
      "created": "2014-08-08 23:27:05.568395+00:00",
      "modified": "2014-08-08 23:27:05.568395+00:00"
    }
  },
  {
    "model": "working_waterfronts_api.Hazard",
    "pk": "4",
    "fields": {
      "name": "4",
      "description": "4",
      "pointofinterests": [4],
      "created": "2014-08-08 23:27:05.568395+00:00",
      "modified": "2014-08-08 23:27:05.568395+00:00"
    }
  },
  {
    "model": "working_waterfronts_api.PointOfInterest",
    "pk": "4",
    "fields": {
      "name": "4",
      "alt_name": "",
      "description": "4",
      "history": "4",
      "facts": "4",
      "location": "POINT (-124.1053399999999982 43.9668739999999971)",
      "street": "4",
      "city": "4",
      "state": "4",
      "location_description": "out on the cape over there",
      "zip": "11234",
      "website": "",
      "email": "",
      "phone": "",
      "hazards": [4],
      "categories": [4],
      "created": "2014-08-08 23:27:05.568395+00:00",
      "modified": "2014-08-08 23:27:05.568395+00:00"
    }
  },  {
    "model": "working_waterfronts_api.Image",
    "pk": "5",
    "fields": {
      "image": "5",
      "caption": "5",
      "name": "5",
      "created": "2014-08-08 23:27:05.568395+00:00",
      "modified": "2014-08-08 23:27:05.568395+00:00"
    }
  },
  {
    "model": "working_waterfronts_api.Video",
    "pk": "5",
    "fields": {
      "video": "5",
      "name": "5",
      "caption": "5",
      "created": "2014-08-08 23:27:05.568395+00:00",
      "modified": "2014-08-08 23:27:05.568395+00:00"
    }
  },
  {
    "model": "working_waterfronts_api.Category",
    "pk": "5",
    "fields": {
      "category": "5",
      "created": "2014-08-08 23:27:05.568395+00:00",
      "modified": "2014-08-08 23:27:05.568395+00:00"
    }
  },
  {
    "model": "working_waterfronts_api.Hazard",
    "pk": "5",
    "fields": {
      "name": "5",
      "description": "5",
      "pointofinterests": [5],
      "created": "2014-08-08 23:27:05.568395+00:00",
      "modified": "2014-08-08 23:27:05.568395+00:00"
    }
  },
  {
    "model": "working_waterfronts_api.PointOfInterest",
    "pk": "5",
    "fields": {
      "name": "5",
      "alt_name": "",
      "description": "5",
      "history": "5",
      "facts": "5",
      "location": "POINT (-124.1053399999999982 43.9668739999999971)",
      "street": "5",
      "city": "5",
      "state": "5",
      "location_description": "out on the cape over there",
      "zip": "11234",
      "website": "",
      "email": "",
      "phone": "",
      "hazards": [5],
      "categories": [5],
      "created": "2014-08-08 23:27:05.568395+00:00",
      "modified": "2014-08-08 23:27:05.568395+00:00"
    }
  },  {
    "model": "working_waterfronts_api.Image",
    "pk": "6",
    "fields": {
      "image": "6",
      "caption": "6",
      "name": "6",
      "created": "2014-08-08 23:27:05.568395+00:00",
      "modified": "2014-08-08 23:27:05.568395+00:00"
    }
  },
  {
    "model": "working_waterfronts_api.Video",
    "pk": "6",
    "fields": {
      "video": "6",
      "name": "6",
      "caption": "6",
      "created": "2014-08-08 23:27:05.568395+00:00",
      "modified": "2014-08-08 23:27:05.568395+00:00"
    }
  },
  {
    "model": "working_waterfronts_api.Category",
    "pk": "6",
    "fields": {
      "category": "6",
      "created": "2014-08-08 23:27:05.568395+00:00",
      "modified": "2014-08-08 23:27:05.568395+00:00"
    }
  },
  {
    "model": "working_waterfronts_api.Hazard",
    "pk": "6",
    "fields": {
      "name": "6",
      "description": "6",
      "pointofinterests": [6],
      "created": "2014-08-08 23:27:05.568395+00:00",
      "modified": "2014-08-08 23:27:05.568395+00:00"
    }
  },
  {
    "model": "working_waterfronts_api.PointOfInterest",
    "pk": "6",
    "fields": {
      "name": "6",
      "alt_name": "",
      "description": "6",
      "history": "6",
      "facts": "6",
      "location": "POINT (-124.1053399999999982 43.9668739999999971)",
      "street": "6",
      "city": "6",
      "state": "6",
      "location_description": "out on the cape over there",
      "zip": "11234",
      "website": "",
      "email": "",
      "phone": "",
      "hazards": [6],
      "categories": [6],
      "created": "2014-08-08 23:27:05.568395+00:00",
      "modified": "2014-08-08 23:27:05.568395+00:00"
    }
  },  {
    "model": "working_waterfronts_api.Image",
    "pk": "7",
    "fields": {
      "image": "7",
      "caption": "7",
      "name": "7",
            "created": "2014-08-08 23:27:05.568395+00:00",
      "modified": "2014-08-08 23:27:05.568395+00:00"
    }
  },
  {
    "model": "working_waterfronts_api.Video",
    "pk": "7",
    "fields": {
      "video": "7",
      "name": "7",
            "caption": "7",
      "created": "2014-08-08 23:27:05.568395+00:00",
      "modified": "2014-08-08 23:27:05.568395+00:00"
    }
  },
  {
    "model": "working_waterfronts_api.Category",
    "pk": "7",
    "fields": {
      "category": "7",
      "created": "2014-08-08 23:27:05.568395+00:00",
      "modified": "2014-08-08 23:27:05.568395+00:00"
    }
  },
  {
    "model": "working_waterfronts_api.Hazard",
    "pk": "7",
    "fields": {
      "name": "7",
      "description": "7",
      "pointofinterests": [7],
      "created": "2014-08-08 23:27:05.568395+00:00",
      "modified": "2014-08-08 23:27:05.568395+00:00"
    }
  },
  {
    "model": "working_waterfronts_api.PointOfInterest",
    "pk": "7",
    "fields": {
      "name": "7",
      "alt_name": "",
      "description": "7",
      "history": "7",
      "facts": "7",
      "location": "POINT (-124.1053399999999982 43.9668739999999971)",
      "street": "7",
      "city": "7",
      "state": "7",
      "location_description": "out on the cape over there",
      "zip": "11234",
      "website": "",
      "email": "",
      "phone": "",
      "hazards": [7],
      "categories": [7],
      "created": "2014-08-08 23:27:05.568395+00:00",
      "modified": "2014-08-08 23:27:05.568395+00:00"
    }
  },  {
    "model": "working_waterfronts_api.Image",
    "pk": "8",
    "fields": {
      "image": "8",
      "caption": "8",
      "name": "8",
            "created": "2014-08-08 23:27:05.568395+00:00",
      "modified": "2014-08-08 23:27:05.568395+00:00"
    }
  },
  {
    "model": "working_waterfronts_api.Video",
    "pk": "8",
    "fields": {
      "video": "8",
      "name": "8",
            "caption": "8",
      "created": "2014-08-08 23:27:05.568395+00:00",
      "modified": "2014-08-08 23:27:05.568395+00:00"
    }
  },
  {
    "model": "working_waterfronts_api.Category",
    "pk": "8",
    "fields": {
      "category": "8",
      "created": "2014-08-08 23:27:05.568395+00:00",
      "modified": "2014-08-08 23:27:05.568395+00:00"
    }
  },
  {
    "model": "working_waterfronts_api.Hazard",
    "pk": "8",
    "fields": {
      "name": "8",
      "description": "8",
      "pointofinterests": [8],
      "created": "2014-08-08 23:27:05.568395+00:00",
      "modified": "2014-08-08 23:27:05.568395+00:00"
    }
  },
  {
    "model": "working_waterfronts_api.PointOfInterest",
    "pk": "8",
    "fields": {
      "name": "8",
      "alt_name": "",
      "description": "8",
      "history": "8",
      "facts": "8",
      "location": "POINT (-124.1053399999999982 43.9668739999999971)",
      "street": "8",
      "city": "8",
      "state": "8",
      "location_description": "out on the cape over there",
      "zip": "11234",
      "website": "",
      "email": "",
      "phone": "",
      "hazards": [8],
      "categories": [8],
      "created": "2014-08-08 23:27:05.568395+00:00",
      "modified": "2014-08-08 23:27:05.568395+00:00"
    }
  },  {
    "model": "working_waterfronts_api.Image",
    "pk": "9",
    "fields": {
      "image": "9",
      "caption": "9",
      "name": "9",
            "created": "2014-08-08 23:27:05.568395+00:00",
      "modified": "2014-08-08 23:27:05.568395+00:00"
    }
  },
  {
    "model": "working_waterfronts_api.Video",
    "pk": "9",
    "fields": {
      "video": "9",
      "name": "9",
            "caption": "9",
      "created": "2014-08-08 23:27:05.568395+00:00",
      "modified": "2014-08-08 23:27:05.568395+00:00"
    }
  },
  {
    "model": "working_waterfronts_api.Category",
    "pk": "9",
    "fields": {
      "category": "9",
      "created": "2014-08-08 23:27:05.568395+00:00",
      "modified": "2014-08-08 23:27:05.568395+00:00"
    }
  },
  {
    "model": "working_waterfronts_api.Hazard",
    "pk": "9",
    "fields": {
      "name": "9",
      "description": "9",
      "pointofinterests": [9],
      "created": "2014-08-08 23:27:05.568395+00:00",
      "modified": "2014-08-08 23:27:05.568395+00:00"
    }
  },
  {
    "model": "working_waterfronts_api.PointOfInterest",
    "pk": "9",
    "fields": {
      "name": "9",
      "alt_name": "",
      "description": "9",
      "history": "9",
      "facts": "9",
      "location": "POINT (-124.1053399999999982 43.9668739999999971)",
      "street": "9",
      "city": "9",
      "state": "9",
      "location_description": "out on the cape over there",
      "zip": "11234",
      "website": "",
      "email": "",
      "phone": "",
      "hazards": [9],
      "categories": [9],
      "created": "2014-08-08 23:27:05.568395+00:00",
      "modified": "2014-08-08 23:27:05.568395+00:00"
    }
  },  {
    "model": "working_waterfronts_api.Image",
    "pk": "10",
    "fields": {
      "image": "10",
      "caption": "10",
      "name": "10",
            "created": "2014-08-08 23:27:05.568395+00:00",
      "modified": "2014-08-08 23:27:05.568395+00:00"
    }
  },
  {
    "model": "working_waterfronts_api.Video",
    "pk": "10",
    "fields": {
      "video": "10",
      "name": "10",
            "caption": "10",
      "created": "2014-08-08 23:27:05.568395+00:00",
      "modified": "2014-08-08 23:27:05.568395+00:00"
    }
  },
  {
    "model": "working_waterfronts_api.Category",
    "pk": "10",
    "fields": {
      "category": "10",
      "created": "2014-08-08 23:27:05.568395+00:00",
      "modified": "2014-08-08 23:27:05.568395+00:00"
    }
  },
  {
    "model": "working_waterfronts_api.Hazard",
    "pk": "10",
    "fields": {
      "name": "10",
      "description": "10",
      "pointofinterests": [10],
      "created": "2014-08-08 23:27:05.568395+00:00",
      "modified": "2014-08-08 23:27:05.568395+00:00"
    }
  },
  {
    "model": "working_waterfronts_api.PointOfInterest",
    "pk": "10",
    "fields": {
      "name": "10",
      "alt_name": "",
      "description": "10",
      "history": "10",
      "facts": "10",
      "location": "POINT (-124.1053399999999982 43.9668739999999971)",
      "street": "10",
      "city": "10",
      "state": "10",
      "location_description": "out on the cape over there",
      "zip": "11234",
      "website": "",
      "email": "",
      "phone": "",
      "hazards": [10],
      "categories": [10],
      "created": "2014-08-08 23:27:05.568395+00:00",
      "modified": "2014-08-08 23:27:05.568395+00:00"
    }
  },  {
    "model": "working_waterfronts_api.Image",
    "pk": "11",
    "fields": {
      "image": "11",
      "caption": "11",
      "name": "11",
            "created": "2014-08-08 23:27:05.568395+00:00",
      "modified": "2014-08-08 23:27:05.568395+00:00"
    }
  },
  {
    "model": "working_waterfronts_api.Video",
    "pk": "11",
    "fields": {
      "video": "11",
      "name": "11",
            "caption": "11",
      "created": "2014-08-08 23:27:05.568395+00:00",
      "modified": "2014-08-08 23:27:05.568395+00:00"
    }
  },
  {
    "model": "working_waterfronts_api.Category",
    "pk": "11",
    "fields": {
      "category": "11",
      "created": "2014-08-08 23:27:05.568395+00:00",
      "modified": "2014-08-08 23:27:05.568395+00:00"
    }
  },
  {
    "model": "working_waterfronts_api.Hazard",
    "pk": "11",
    "fields": {
      "name": "11",
      "description": "11",
      "pointofinterests": [11],
      "created": "2014-08-08 23:27:05.568395+00:00",
      "modified": "2014-08-08 23:27:05.568395+00:00"
    }
  },
  {
    "model": "working_waterfronts_api.PointOfInterest",
    "pk": "11",
    "fields": {
      "name": "11",
      "alt_name": "",
      "description": "11",
      "history": "11",
      "facts": "11",
      "location": "POINT (-124.1053399999999982 43.9668739999999971)",
      "street": "11",
      "city": "11",
      "state": "11",
      "location_description": "out on the cape over there",
      "zip": "11234",
      "website": "",
      "email": "",
      "phone": "",
      "hazards": [11],
      "categories": [11],
      "created": "2014-08-08 23:27:05.568395+00:00",
      "modified": "2014-08-08 23:27:05.568395+00:00"
    }
  },  {
    "model": "working_waterfronts_api.Image",
    "pk": "12",
    "fields": {
      "image": "12",
      "caption": "12",
      "name": "12",
            "created": "2014-08-08 23:27:05.568395+00:00",
      "modified": "2014-08-08 23:27:05.568395+00:00"
    }
  },
  {
    "model": "working_waterfronts_api.Video",
    "pk": "12",
    "fields": {
      "video": "12",
      "name": "12",
            "caption": "12",
      "created": "2014-08-08 23:27:05.568395+00:00",
      "modified": "2014-08-08 23:27:05.568395+00:00"
    }
  },
  {
    "model": "working_waterfronts_api.Category",
    "pk": "12",
    "fields": {
      "category": "12",
      "created": "2014-08-08 23:27:05.568395+00:00",
      "modified": "2014-08-08 23:27:05.568395+00:00"
    }
  },
  {
    "model": "working_waterfronts_api.Hazard",
    "pk": "12",
    "fields": {
      "name": "12",
      "description": "12",
      "pointofinterests": [12],
      "created": "2014-08-08 23:27:05.568395+00:00",
      "modified": "2014-08-08 23:27:05.568395+00:00"
    }
  },
  {
    "model": "working_waterfronts_api.PointOfInterest",
    "pk": "12",
    "fields": {
      "name": "12",
      "alt_name": "",
      "description": "12",
      "history": "12",
      "facts": "12",
      "location": "POINT (-124.1053399999999982 43.9668739999999971)",
      "street": "12",
      "city": "12",
      "state": "12",
      "location_description": "out on the cape over there",
      "zip": "11234",
      "website": "",
      "email": "",
      "phone": "",
      "hazards": [12],
      "categories": [12],
      "created": "2014-08-08 23:27:05.568395+00:00",
      "modified": "2014-08-08 23:27:05.568395+00:00"
    }
  },  {
    "model": "working_waterfronts_api.Image",
    "pk": "13",
    "fields": {
      "image": "13",
      "caption": "13",
      "name": "13",
            "created": "2014-08-08 23:27:05.568395+00:00",
      "modified": "2014-08-08 23:27:05.568395+00:00"
    }
  },
  {
    "model": "working_waterfronts_api.Video",
    "pk": "13",
    "fields": {
      "video": "13",
      "name": "13",
            "caption": "13",
      "created": "2014-08-08 23:27:05.568395+00:00",
      "modified": "2014-08-08 23:27:05.568395+00:00"
    }
  },
  {
    "model": "working_waterfronts_api.Category",
    "pk": "13",
    "fields": {
      "category": "13",
      "created": "2014-08-08 23:27:05.568395+00:00",
      "modified": "2014-08-08 23:27:05.568395+00:00"
    }
  },
  {
    "model": "working_waterfronts_api.Hazard",
    "pk": "13",
    "fields": {
      "name": "13",
      "description": "13",
      "pointofinterests": [13],
      "created": "2014-08-08 23:27:05.568395+00:00",
      "modified": "2014-08-08 23:27:05.568395+00:00"
    }
  },
  {
    "model": "working_waterfronts_api.PointOfInterest",
    "pk": "13",
    "fields": {
      "name": "13",
      "alt_name": "",
      "description": "13",
      "history": "13",
      "facts": "13",
      "location": "POINT (-124.1053399999999982 43.9668739999999971)",
      "street": "13",
      "city": "13",
      "state": "13",
      "location_description": "out on the cape over there",
      "zip": "11234",
      "website": "",
      "email": "",
      "phone": "",
      "hazards": [13],
      "categories": [13],
      "created": "2014-08-08 23:27:05.568395+00:00",
      "modified": "2014-08-08 23:27:05.568395+00:00"
    }
  },  {
    "model": "working_waterfronts_api.Image",
    "pk": "14",
    "fields": {
      "image": "14",
      "caption": "14",
      "name": "14",
            "created": "2014-08-08 23:27:05.568395+00:00",
      "modified": "2014-08-08 23:27:05.568395+00:00"
    }
  },
  {
    "model": "working_waterfronts_api.Video",
    "pk": "14",
    "fields": {
      "video": "14",
      "name": "14",
            "caption": "14",
      "created": "2014-08-08 23:27:05.568395+00:00",
      "modified": "2014-08-08 23:27:05.568395+00:00"
    }
  },
  {
    "model": "working_waterfronts_api.Category",
    "pk": "14",
    "fields": {
      "category": "14",
      "created": "2014-08-08 23:27:05.568395+00:00",
      "modified": "2014-08-08 23:27:05.568395+00:00"
    }
  },
  {
    "model": "working_waterfronts_api.Hazard",
    "pk": "14",
    "fields": {
      "name": "14",
      "description": "14",
      "pointofinterests": [14],
      "created": "2014-08-08 23:27:05.568395+00:00",
      "modified": "2014-08-08 23:27:05.568395+00:00"
    }
  },
  {
    "model": "working_waterfronts_api.PointOfInterest",
    "pk": "14",
    "fields": {
      "name": "14",
      "alt_name": "",
      "description": "14",
      "history": "14",
      "facts": "14",
      "location": "POINT (-124.1053399999999982 43.9668739999999971)",
      "street": "14",
      "city": "14",
      "state": "14",
      "location_description": "out on the cape over there",
      "zip": "11234",
      "website": "",
      "email": "",
      "phone": "",
      "hazards": [14],
      "categories": [14],
      "created": "2014-08-08 23:27:05.568395+00:00",
      "modified": "2014-08-08 23:27:05.568395+00:00"
    }
  },  {
    "model": "working_waterfronts_api.Image",
    "pk": "15",
    "fields": {
      "image": "15",
      "caption": "15",
      "name": "15",
            "created": "2014-08-08 23:27:05.568395+00:00",
      "modified": "2014-08-08 23:27:05.568395+00:00"
    }
  },
  {
    "model": "working_waterfronts_api.Video",
    "pk": "15",
    "fields": {
      "video": "15",
      "name": "15",
            "caption": "15",
      "created": "2014-08-08 23:27:05.568395+00:00",
      "modified": "2014-08-08 23:27:05.568395+00:00"
    }
  },
  {
    "model": "working_waterfronts_api.Category",
    "pk": "15",
    "fields": {
      "category": "15",
      "created": "2014-08-08 23:27:05.568395+00:00",
      "modified": "2014-08-08 23:27:05.568395+00:00"
    }
  },
  {
    "model": "working_waterfronts_api.Hazard",
    "pk": "15",
    "fields": {
      "name": "15",
      "description": "15",
      "pointofinterests": [15],
      "created": "2014-08-08 23:27:05.568395+00:00",
      "modified": "2014-08-08 23:27:05.568395+00:00"
    }
  },
  {
    "model": "working_waterfronts_api.PointOfInterest",
    "pk": "15",
    "fields": {
      "name": "15",
      "alt_name": "",
      "description": "15",
      "history": "15",
      "facts": "15",
      "location": "POINT (-124.1053399999999982 43.9668739999999971)",
      "street": "15",
      "city": "15",
      "state": "15",
      "location_description": "out on the cape over there",
      "zip": "11234",
      "website": "",
      "email": "",
      "phone": "",
      "hazards": [15],
      "categories": [15],
      "created": "2014-08-08 23:27:05.568395+00:00",
      "modified": "2014-08-08 23:27:05.568395+00:00"
    }
  },  {
    "model": "working_waterfronts_api.Image",
    "pk": "16",
    "fields": {
      "image": "16",
      "caption": "16",
      "name": "16",
            "created": "2014-08-08 23:27:05.568395+00:00",
      "modified": "2014-08-08 23:27:05.568395+00:00"
    }
  },
  {
    "model": "working_waterfronts_api.Video",
    "pk": "16",
    "fields": {
      "video": "16",
      "name": "16",
            "caption": "16",
      "created": "2014-08-08 23:27:05.568395+00:00",
      "modified": "2014-08-08 23:27:05.568395+00:00"
    }
  },
  {
    "model": "working_waterfronts_api.Category",
    "pk": "16",
    "fields": {
      "category": "16",
      "created": "2014-08-08 23:27:05.568395+00:00",
      "modified": "2014-08-08 23:27:05.568395+00:00"
    }
  },
  {
    "model": "working_waterfronts_api.Hazard",
    "pk": "16",
    "fields": {
      "name": "16",
      "description": "16",
      "pointofinterests": [16],
      "created": "2014-08-08 23:27:05.568395+00:00",
      "modified": "2014-08-08 23:27:05.568395+00:00"
    }
  },
  {
    "model": "working_waterfronts_api.PointOfInterest",
    "pk": "16",
    "fields": {
      "name": "16",
      "alt_name": "",
      "description": "16",
      "history": "16",
      "facts": "16",
      "location": "POINT (-124.1053399999999982 43.9668739999999971)",
      "street": "16",
      "city": "16",
      "state": "16",
      "location_description": "out on the cape over there",
      "zip": "11234",
      "website": "",
      "email": "",
      "phone": "",
      "hazards": [16],
      "categories": [16],
      "created": "2014-08-08 23:27:05.568395+00:00",
      "modified": "2014-08-08 23:27:05.568395+00:00"
    }
  },  {
    "model": "working_waterfronts_api.Image",
    "pk": "17",
    "fields": {
      "image": "17",
      "caption": "17",
      "name": "17",
            "created": "2014-08-08 23:27:05.568395+00:00",
      "modified": "2014-08-08 23:27:05.568395+00:00"
    }
  },
  {
    "model": "working_waterfronts_api.Video",
    "pk": "17",
    "fields": {
      "video": "17",
      "name": "17",
            "caption": "17",
      "created": "2014-08-08 23:27:05.568395+00:00",
      "modified": "2014-08-08 23:27:05.568395+00:00"
    }
  },
  {
    "model": "working_waterfronts_api.Category",
    "pk": "17",
    "fields": {
      "category": "17",
      "created": "2014-08-08 23:27:05.568395+00:00",
      "modified": "2014-08-08 23:27:05.568395+00:00"
    }
  },
  {
    "model": "working_waterfronts_api.Hazard",
    "pk": "17",
    "fields": {
      "name": "17",
      "description": "17",
      "pointofinterests": [17],
      "created": "2014-08-08 23:27:05.568395+00:00",
      "modified": "2014-08-08 23:27:05.568395+00:00"
    }
  },
  {
    "model": "working_waterfronts_api.PointOfInterest",
    "pk": "17",
    "fields": {
      "name": "17",
      "alt_name": "",
      "description": "17",
      "history": "17",
      "facts": "17",
      "location": "POINT (-124.1053399999999982 43.9668739999999971)",
      "street": "17",
      "city": "17",
      "state": "17",
      "location_description": "out on the cape over there",
      "zip": "11234",
      "website": "",
      "email": "",
      "phone": "",
      "hazards": [17],
      "categories": [17],
      "created": "2014-08-08 23:27:05.568395+00:00",
      "modified": "2014-08-08 23:27:05.568395+00:00"
    }
  },  {
    "model": "working_waterfronts_api.Image",
    "pk": "18",
    "fields": {
      "image": "18",
      "caption": "18",
      "name": "18",
            "created": "2014-08-08 23:27:05.568395+00:00",
      "modified": "2014-08-08 23:27:05.568395+00:00"
    }
  },
  {
    "model": "working_waterfronts_api.Video",
    "pk": "18",
    "fields": {
      "video": "18",
      "name": "18",
            "caption": "18",
      "created": "2014-08-08 23:27:05.568395+00:00",
      "modified": "2014-08-08 23:27:05.568395+00:00"
    }
  },
  {
    "model": "working_waterfronts_api.Category",
    "pk": "18",
    "fields": {
      "category": "18",
      "created": "2014-08-08 23:27:05.568395+00:00",
      "modified": "2014-08-08 23:27:05.568395+00:00"
    }
  },
  {
    "model": "working_waterfronts_api.Hazard",
    "pk": "18",
    "fields": {
      "name": "18",
      "description": "18",
      "pointofinterests": [18],
      "created": "2014-08-08 23:27:05.568395+00:00",
      "modified": "2014-08-08 23:27:05.568395+00:00"
    }
  },
  {
    "model": "working_waterfronts_api.PointOfInterest",
    "pk": "18",
    "fields": {
      "name": "18",
      "alt_name": "",
      "description": "18",
      "history": "18",
      "facts": "18",
      "location": "POINT (-124.1053399999999982 43.9668739999999971)",
      "street": "18",
      "city": "18",
      "state": "18",
      "location_description": "out on the cape over there",
      "zip": "11234",
      "website": "",
      "email": "",
      "phone": "",
      "hazards": [18],
      "categories": [18],
      "created": "2014-08-08 23:27:05.568395+00:00",
      "modified": "2014-08-08 23:27:05.568395+00:00"
    }
  },  {
    "model": "working_waterfronts_api.Image",
    "pk": "19",
    "fields": {
      "image": "19",
      "caption": "19",
      "name": "19",
            "created": "2014-08-08 23:27:05.568395+00:00",
      "modified": "2014-08-08 23:27:05.568395+00:00"
    }
  },
  {
    "model": "working_waterfronts_api.Video",
    "pk": "19",
    "fields": {
      "video": "19",
      "name": "19",
            "caption": "19",
      "created": "2014-08-08 23:27:05.568395+00:00",
      "modified": "2014-08-08 23:27:05.568395+00:00"
    }
  },
  {
    "model": "working_waterfronts_api.Category",
    "pk": "19",
    "fields": {
      "category": "19",
      "created": "2014-08-08 23:27:05.568395+00:00",
      "modified": "2014-08-08 23:27:05.568395+00:00"
    }
  },
  {
    "model": "working_waterfronts_api.Hazard",
    "pk": "19",
    "fields": {
      "name": "19",
      "description": "19",
      "pointofinterests": [19],
      "created": "2014-08-08 23:27:05.568395+00:00",
      "modified": "2014-08-08 23:27:05.568395+00:00"
    }
  },
  {
    "model": "working_waterfronts_api.PointOfInterest",
    "pk": "19",
    "fields": {
      "name": "19",
      "alt_name": "",
      "description": "19",
      "history": "19",
      "facts": "19",
      "location": "POINT (-124.1053399999999982 43.9668739999999971)",
      "street": "19",
      "city": "19",
      "state": "19",
      "location_description": "out on the cape over there",
      "zip": "11234",
      "website": "",
      "email": "",
      "phone": "",
      "hazards": [19],
      "categories": [19],
      "created": "2014-08-08 23:27:05.568395+00:00",
      "modified": "2014-08-08 23:27:05.568395+00:00"
    }
  },  {
    "model": "working_waterfronts_api.Image",
    "pk": "20",
    "fields": {
      "image": "20",
      "caption": "20",
      "name": "20",
            "created": "2014-08-08 23:27:05.568395+00:00",
      "modified": "2014-08-08 23:27:05.568395+00:00"
    }
  },
  {
    "model": "working_waterfronts_api.Video",
    "pk": "20",
    "fields": {
      "video": "20",
      "name": "20",
            "caption": "20",
      "created": "2014-08-08 23:27:05.568395+00:00",
      "modified": "2014-08-08 23:27:05.568395+00:00"
    }
  },
  {
    "model": "working_waterfronts_api.Category",
    "pk": "20",
    "fields": {
      "category": "20",
      "created": "2014-08-08 23:27:05.568395+00:00",
      "modified": "2014-08-08 23:27:05.568395+00:00"
    }
  },
  {
    "model": "working_waterfronts_api.Hazard",
    "pk": "20",
    "fields": {
      "name": "20",
      "description": "20",
      "pointofinterests": [20],
      "created": "2014-08-08 23:27:05.568395+00:00",
      "modified": "2014-08-08 23:27:05.568395+00:00"
    }
  },
  {
    "model": "working_waterfronts_api.PointOfInterest",
    "pk": "20",
    "fields": {
      "name": "20",
      "alt_name": "",
      "description": "20",
      "history": "20",
      "facts": "20",
      "location": "POINT (-124.1053399999999982 43.9668739999999971)",
      "street": "20",
      "city": "20",
      "state": "20",
      "location_description": "out on the cape over there",
      "zip": "11234",
      "website": "",
      "email": "",
      "phone": "",
      "hazards": [20],
      "categories": [20],
      "created": "2014-08-08 23:27:05.568395+00:00",
      "modified": "2014-08-08 23:27:05.568395+00:00"
    }
  },  {
    "model": "working_waterfronts_api.Image",
    "pk": "21",
    "fields": {
      "image": "21",
      "caption": "21",
      "name": "21",
            "created": "2014-08-08 23:27:05.568395+00:00",
      "modified": "2014-08-08 23:27:05.568395+00:00"
    }
  },
  {
    "model": "working_waterfronts_api.Video",
    "pk": "21",
    "fields": {
      "video": "21",
      "name": "21",
            "caption": "21",
      "created": "2014-08-08 23:27:05.568395+00:00",
      "modified": "2014-08-08 23:27:05.568395+00:00"
    }
  },
  {
    "model": "working_waterfronts_api.Category",
    "pk": "21",
    "fields": {
      "category": "21",
      "created": "2014-08-08 23:27:05.568395+00:00",
      "modified": "2014-08-08 23:27:05.568395+00:00"
    }
  },
  {
    "model": "working_waterfronts_api.Hazard",
    "pk": "21",
    "fields": {
      "name": "21",
      "description": "21",
      "pointofinterests": [21],
      "created": "2014-08-08 23:27:05.568395+00:00",
      "modified": "2014-08-08 23:27:05.568395+00:00"
    }
  },
  {
    "model": "working_waterfronts_api.PointOfInterest",
    "pk": "21",
    "fields": {
      "name": "21",
      "alt_name": "",
      "description": "21",
      "history": "21",
      "facts": "21",
      "location": "POINT (-124.1053399999999982 43.9668739999999971)",
      "street": "21",
      "city": "21",
      "state": "21",
      "location_description": "out on the cape over there",
      "zip": "11234",
      "website": "",
      "email": "",
      "phone": "",
      "hazards": [21],
      "categories": [21],
      "created": "2014-08-08 23:27:05.568395+00:00",
      "modified": "2014-08-08 23:27:05.568395+00:00"
    }
  },  {
    "model": "working_waterfronts_api.Image",
    "pk": "22",
    "fields": {
      "image": "22",
      "caption": "22",
      "name": "22",
            "created": "2014-08-08 23:27:05.568395+00:00",
      "modified": "2014-08-08 23:27:05.568395+00:00"
    }
  },
  {
    "model": "working_waterfronts_api.Video",
    "pk": "22",
    "fields": {
      "video": "22",
      "name": "22",
            "caption": "22",
      "created": "2014-08-08 23:27:05.568395+00:00",
      "modified": "2014-08-08 23:27:05.568395+00:00"
    }
  },
  {
    "model": "working_waterfronts_api.Category",
    "pk": "22",
    "fields": {
      "category": "22",
      "created": "2014-08-08 23:27:05.568395+00:00",
      "modified": "2014-08-08 23:27:05.568395+00:00"
    }
  },
  {
    "model": "working_waterfronts_api.Hazard",
    "pk": "22",
    "fields": {
      "name": "22",
      "description": "22",
      "pointofinterests": [22],
      "created": "2014-08-08 23:27:05.568395+00:00",
      "modified": "2014-08-08 23:27:05.568395+00:00"
    }
  },
  {
    "model": "working_waterfronts_api.PointOfInterest",
    "pk": "22",
    "fields": {
      "name": "22",
      "alt_name": "",
      "description": "22",
      "history": "22",
      "facts": "22",
      "location": "POINT (-124.1053399999999982 43.9668739999999971)",
      "street": "22",
      "city": "22",
      "state": "22",
      "location_description": "out on the cape over there",
      "zip": "11234",
      "website": "",
      "email": "",
      "phone": "",
      "hazards": [22],
      "categories": [22],
      "created": "2014-08-08 23:27:05.568395+00:00",
      "modified": "2014-08-08 23:27:05.568395+00:00"
    }
  },  {
    "model": "working_waterfronts_api.Image",
    "pk": "23",
    "fields": {
      "image": "23",
      "caption": "23",
      "name": "23",
            "created": "2014-08-08 23:27:05.568395+00:00",
      "modified": "2014-08-08 23:27:05.568395+00:00"
    }
  },
  {
    "model": "working_waterfronts_api.Video",
    "pk": "23",
    "fields": {
      "video": "23",
      "name": "23",
            "caption": "23",
      "created": "2014-08-08 23:27:05.568395+00:00",
      "modified": "2014-08-08 23:27:05.568395+00:00"
    }
  },
  {
    "model": "working_waterfronts_api.Category",
    "pk": "23",
    "fields": {
      "category": "23",
      "created": "2014-08-08 23:27:05.568395+00:00",
      "modified": "2014-08-08 23:27:05.568395+00:00"
    }
  },
  {
    "model": "working_waterfronts_api.Hazard",
    "pk": "23",
    "fields": {
      "name": "23",
      "description": "23",
      "pointofinterests": [23],
      "created": "2014-08-08 23:27:05.568395+00:00",
      "modified": "2014-08-08 23:27:05.568395+00:00"
    }
  },
  {
    "model": "working_waterfronts_api.PointOfInterest",
    "pk": "23",
    "fields": {
      "name": "23",
      "alt_name": "",
      "description": "23",
      "history": "23",
      "facts": "23",
      "location": "POINT (-124.1053399999999982 43.9668739999999971)",
      "street": "23",
      "city": "23",
      "state": "23",
      "location_description": "out on the cape over there",
      "zip": "11234",
      "website": "",
      "email": "",
      "phone": "",
      "hazards": [23],
      "categories": [23],
      "created": "2014-08-08 23:27:05.568395+00:00",
      "modified": "2014-08-08 23:27:05.568395+00:00"
    }
  },  {
    "model": "working_waterfronts_api.Image",
    "pk": "24",
    "fields": {
      "image": "24",
      "caption": "24",
      "name": "24",
            "created": "2014-08-08 23:27:05.568395+00:00",
      "modified": "2014-08-08 23:27:05.568395+00:00"
    }
  },
  {
    "model": "working_waterfronts_api.Video",
    "pk": "24",
    "fields": {
      "video": "24",
      "name": "24",
            "caption": "24",
      "created": "2014-08-08 23:27:05.568395+00:00",
      "modified": "2014-08-08 23:27:05.568395+00:00"
    }
  },
  {
    "model": "working_waterfronts_api.Category",
    "pk": "24",
    "fields": {
      "category": "24",
      "created": "2014-08-08 23:27:05.568395+00:00",
      "modified": "2014-08-08 23:27:05.568395+00:00"
    }
  },
  {
    "model": "working_waterfronts_api.Hazard",
    "pk": "24",
    "fields": {
      "name": "24",
      "description": "24",
      "pointofinterests": [24],
      "created": "2014-08-08 23:27:05.568395+00:00",
      "modified": "2014-08-08 23:27:05.568395+00:00"
    }
  },
  {
    "model": "working_waterfronts_api.PointOfInterest",
    "pk": "24",
    "fields": {
      "name": "24",
      "alt_name": "",
      "description": "24",
      "history": "24",
      "facts": "24",
      "location": "POINT (-124.1053399999999982 43.9668739999999971)",
      "street": "24",
      "city": "24",
      "state": "24",
      "location_description": "out on the cape over there",
      "zip": "11234",
      "website": "",
      "email": "",
      "phone": "",
      "hazards": [24],
      "categories": [24],
      "created": "2014-08-08 23:27:05.568395+00:00",
      "modified": "2014-08-08 23:27:05.568395+00:00"
    }
  },  {
    "model": "working_waterfronts_api.Image",
    "pk": "25",
    "fields": {
      "image": "25",
      "caption": "25",
      "name": "25",
            "created": "2014-08-08 23:27:05.568395+00:00",
      "modified": "2014-08-08 23:27:05.568395+00:00"
    }
  },
  {
    "model": "working_waterfronts_api.Video",
    "pk": "25",
    "fields": {
      "video": "25",
      "name": "25",
            "caption": "25",
      "created": "2014-08-08 23:27:05.568395+00:00",
      "modified": "2014-08-08 23:27:05.568395+00:00"
    }
  },
  {
    "model": "working_waterfronts_api.Category",
    "pk": "25",
    "fields": {
      "category": "25",
      "created": "2014-08-08 23:27:05.568395+00:00",
      "modified": "2014-08-08 23:27:05.568395+00:00"
    }
  },
  {
    "model": "working_waterfronts_api.Hazard",
    "pk": "25",
    "fields": {
      "name": "25",
      "description": "25",
      "pointofinterests": [25],
      "created": "2014-08-08 23:27:05.568395+00:00",
      "modified": "2014-08-08 23:27:05.568395+00:00"
    }
  },
  {
    "model": "working_waterfronts_api.PointOfInterest",
    "pk": "25",
    "fields": {
      "name": "25",
      "alt_name": "",
      "description": "25",
      "history": "25",
      "facts": "25",
      "location": "POINT (-124.1053399999999982 43.9668739999999971)",
      "street": "25",
      "city": "25",
      "state": "25",
      "location_description": "out on the cape over there",
      "zip": "11234",
      "website": "",
      "email": "",
      "phone": "",
      "hazards": [25],
      "categories": [25],
      "created": "2014-08-08 23:27:05.568395+00:00",
      "modified": "2014-08-08 23:27:05.568395+00:00"
    }
  },  {
    "model": "working_waterfronts_api.Image",
    "pk": "26",
    "fields": {
      "image": "26",
      "caption": "26",
      "name": "26",
            "created": "2014-08-08 23:27:05.568395+00:00",
      "modified": "2014-08-08 23:27:05.568395+00:00"
    }
  },
  {
    "model": "working_waterfronts_api.Video",
    "pk": "26",
    "fields": {
      "video": "26",
      "name": "26",
            "caption": "26",
      "created": "2014-08-08 23:27:05.568395+00:00",
      "modified": "2014-08-08 23:27:05.568395+00:00"
    }
  },
  {
    "model": "working_waterfronts_api.Category",
    "pk": "26",
    "fields": {
      "category": "26",
      "created": "2014-08-08 23:27:05.568395+00:00",
      "modified": "2014-08-08 23:27:05.568395+00:00"
    }
  },
  {
    "model": "working_waterfronts_api.Hazard",
    "pk": "26",
    "fields": {
      "name": "26",
      "description": "26",
      "pointofinterests": [26],
      "created": "2014-08-08 23:27:05.568395+00:00",
      "modified": "2014-08-08 23:27:05.568395+00:00"
    }
  },
  {
    "model": "working_waterfronts_api.PointOfInterest",
    "pk": "26",
    "fields": {
      "name": "26",
      "alt_name": "",
      "description": "26",
      "history": "26",
      "facts": "26",
      "location": "POINT (-124.1053399999999982 43.9668739999999971)",
      "street": "26",
      "city": "26",
      "state": "26",
      "location_description": "out on the cape over there",
      "zip": "11234",
      "website": "",
      "email": "",
      "phone": "",
      "hazards": [26],
      "categories": [26],
      "created": "2014-08-08 23:27:05.568395+00:00",
      "modified": "2014-08-08 23:27:05.568395+00:00"
    }
  },  {
    "model": "working_waterfronts_api.Image",
    "pk": "27",
    "fields": {
      "image": "27",
      "caption": "27",
      "name": "27",
            "created": "2014-08-08 23:27:05.568395+00:00",
      "modified": "2014-08-08 23:27:05.568395+00:00"
    }
  },
  {
    "model": "working_waterfronts_api.Video",
    "pk": "27",
    "fields": {
      "video": "27",
      "name": "27",
            "caption": "27",
      "created": "2014-08-08 23:27:05.568395+00:00",
      "modified": "2014-08-08 23:27:05.568395+00:00"
    }
  },
  {
    "model": "working_waterfronts_api.Category",
    "pk": "27",
    "fields": {
      "category": "27",
      "created": "2014-08-08 23:27:05.568395+00:00",
      "modified": "2014-08-08 23:27:05.568395+00:00"
    }
  },
  {
    "model": "working_waterfronts_api.Hazard",
    "pk": "27",
    "fields": {
      "name": "27",
      "description": "27",
      "pointofinterests": [27],
      "created": "2014-08-08 23:27:05.568395+00:00",
      "modified": "2014-08-08 23:27:05.568395+00:00"
    }
  },
  {
    "model": "working_waterfronts_api.PointOfInterest",
    "pk": "27",
    "fields": {
      "name": "27",
      "alt_name": "",
      "description": "27",
      "history": "27",
      "facts": "27",
      "location": "POINT (-124.1053399999999982 43.9668739999999971)",
      "street": "27",
      "city": "27",
      "state": "27",
      "location_description": "out on the cape over there",
      "zip": "11234",
      "website": "",
      "email": "",
      "phone": "",
      "hazards": [27],
      "categories": [27],
      "created": "2014-08-08 23:27:05.568395+00:00",
      "modified": "2014-08-08 23:27:05.568395+00:00"
    }
  },  {
    "model": "working_waterfronts_api.Image",
    "pk": "28",
    "fields": {
      "image": "28",
      "caption": "28",
      "name": "28",
            "created": "2014-08-08 23:27:05.568395+00:00",
      "modified": "2014-08-08 23:27:05.568395+00:00"
    }
  },
  {
    "model": "working_waterfronts_api.Video",
    "pk": "28",
    "fields": {
      "video": "28",
      "name": "28",
            "caption": "28",
      "created": "2014-08-08 23:27:05.568395+00:00",
      "modified": "2014-08-08 23:27:05.568395+00:00"
    }
  },
  {
    "model": "working_waterfronts_api.Category",
    "pk": "28",
    "fields": {
      "category": "28",
      "created": "2014-08-08 23:27:05.568395+00:00",
      "modified": "2014-08-08 23:27:05.568395+00:00"
    }
  },
  {
    "model": "working_waterfronts_api.Hazard",
    "pk": "28",
    "fields": {
      "name": "28",
      "description": "28",
      "pointofinterests": [28],
      "created": "2014-08-08 23:27:05.568395+00:00",
      "modified": "2014-08-08 23:27:05.568395+00:00"
    }
  },
  {
    "model": "working_waterfronts_api.PointOfInterest",
    "pk": "28",
    "fields": {
      "name": "28",
      "alt_name": "",
      "description": "28",
      "history": "28",
      "facts": "28",
      "location": "POINT (-124.1053399999999982 43.9668739999999971)",
      "street": "28",
      "city": "28",
      "state": "28",
      "location_description": "out on the cape over there",
      "zip": "11234",
      "website": "",
      "email": "",
      "phone": "",
      "hazards": [28],
      "categories": [28],
      "created": "2014-08-08 23:27:05.568395+00:00",
      "modified": "2014-08-08 23:27:05.568395+00:00"
    }
  },  {
    "model": "working_waterfronts_api.Image",
    "pk": "29",
    "fields": {
      "image": "29",
      "caption": "29",
      "name": "29",
            "created": "2014-08-08 23:27:05.568395+00:00",
      "modified": "2014-08-08 23:27:05.568395+00:00"
    }
  },
  {
    "model": "working_waterfronts_api.Video",
    "pk": "29",
    "fields": {
      "video": "29",
      "name": "29",
            "caption": "29",
      "created": "2014-08-08 23:27:05.568395+00:00",
      "modified": "2014-08-08 23:27:05.568395+00:00"
    }
  },
  {
    "model": "working_waterfronts_api.Category",
    "pk": "29",
    "fields": {
      "category": "29",
      "created": "2014-08-08 23:27:05.568395+00:00",
      "modified": "2014-08-08 23:27:05.568395+00:00"
    }
  },
  {
    "model": "working_waterfronts_api.Hazard",
    "pk": "29",
    "fields": {
      "name": "29",
      "description": "29",
      "pointofinterests": [29],
      "created": "2014-08-08 23:27:05.568395+00:00",
      "modified": "2014-08-08 23:27:05.568395+00:00"
    }
  },
  {
    "model": "working_waterfronts_api.PointOfInterest",
    "pk": "29",
    "fields": {
      "name": "29",
      "alt_name": "",
      "description": "29",
      "history": "29",
      "facts": "29",
      "location": "POINT (-124.1053399999999982 43.9668739999999971)",
      "street": "29",
      "city": "29",
      "state": "29",
      "location_description": "out on the cape over there",
      "zip": "11234",
      "website": "",
      "email": "",
      "phone": "",
      "hazards": [29],
      "categories": [29],
      "created": "2014-08-08 23:27:05.568395+00:00",
      "modified": "2014-08-08 23:27:05.568395+00:00"
    }
  },  {
    "model": "working_waterfronts_api.Image",
    "pk": "30",
    "fields": {
      "image": "30",
      "caption": "30",
      "name": "30",
            "created": "2014-08-08 23:27:05.568395+00:00",
      "modified": "2014-08-08 23:27:05.568395+00:00"
    }
  },
  {
    "model": "working_waterfronts_api.Video",
    "pk": "30",
    "fields": {
      "video": "30",
      "name": "30",
            "caption": "30",
      "created": "2014-08-08 23:27:05.568395+00:00",
      "modified": "2014-08-08 23:27:05.568395+00:00"
    }
  },
  {
    "model": "working_waterfronts_api.Category",
    "pk": "30",
    "fields": {
      "category": "30",
      "created": "2014-08-08 23:27:05.568395+00:00",
      "modified": "2014-08-08 23:27:05.568395+00:00"
    }
  },
  {
    "model": "working_waterfronts_api.Hazard",
    "pk": "30",
    "fields": {
      "name": "30",
      "description": "30",
      "pointofinterests": [30],
      "created": "2014-08-08 23:27:05.568395+00:00",
      "modified": "2014-08-08 23:27:05.568395+00:00"
    }
  },
  {
    "model": "working_waterfronts_api.PointOfInterest",
    "pk": "30",
    "fields": {
      "name": "30",
      "alt_name": "",
      "description": "30",
      "history": "30",
      "facts": "30",
      "location": "POINT (-124.1053399999999982 43.9668739999999971)",
      "street": "30",
      "city": "30",
      "state": "30",
      "location_description": "out on the cape over there",
      "zip": "11234",
      "website": "",
      "email": "",
      "phone": "",
      "hazards": [30],
      "categories": [30],
      "created": "2014-08-08 23:27:05.568395+00:00",
      "modified": "2014-08-08 23:27:05.568395+00:00"
    }
  },  {
    "model": "working_waterfronts_api.Image",
    "pk": "31",
    "fields": {
      "image": "31",
      "caption": "31",
      "name": "31",
            "created": "2014-08-08 23:27:05.568395+00:00",
      "modified": "2014-08-08 23:27:05.568395+00:00"
    }
  },
  {
    "model": "working_waterfronts_api.Video",
    "pk": "31",
    "fields": {
      "video": "31",
      "name": "31",
            "caption": "31",
      "created": "2014-08-08 23:27:05.568395+00:00",
      "modified": "2014-08-08 23:27:05.568395+00:00"
    }
  },
  {
    "model": "working_waterfronts_api.Category",
    "pk": "31",
    "fields": {
      "category": "31",
      "created": "2014-08-08 23:27:05.568395+00:00",
      "modified": "2014-08-08 23:27:05.568395+00:00"
    }
  },
  {
    "model": "working_waterfronts_api.Hazard",
    "pk": "31",
    "fields": {
      "name": "31",
      "description": "31",
      "pointofinterests": [31],
      "created": "2014-08-08 23:27:05.568395+00:00",
      "modified": "2014-08-08 23:27:05.568395+00:00"
    }
  },
  {
    "model": "working_waterfronts_api.PointOfInterest",
    "pk": "31",
    "fields": {
      "name": "31",
      "alt_name": "",
      "description": "31",
      "history": "31",
      "facts": "31",
      "location": "POINT (-124.1053399999999982 43.9668739999999971)",
      "street": "31",
      "city": "31",
      "state": "31",
      "location_description": "out on the cape over there",
      "zip": "11234",
      "website": "",
      "email": "",
      "phone": "",
      "hazards": [31],
      "categories": [31],
      "created": "2014-08-08 23:27:05.568395+00:00",
      "modified": "2014-08-08 23:27:05.568395+00:00"
    }
  },  {
    "model": "working_waterfronts_api.Image",
    "pk": "32",
    "fields": {
      "image": "32",
      "caption": "32",
      "name": "32",
            "created": "2014-08-08 23:27:05.568395+00:00",
      "modified": "2014-08-08 23:27:05.568395+00:00"
    }
  },
  {
    "model": "working_waterfronts_api.Video",
    "pk": "32",
    "fields": {
      "video": "32",
      "name": "32",
            "caption": "32",
      "created": "2014-08-08 23:27:05.568395+00:00",
      "modified": "2014-08-08 23:27:05.568395+00:00"
    }
  },
  {
    "model": "working_waterfronts_api.Category",
    "pk": "32",
    "fields": {
      "category": "32",
      "created": "2014-08-08 23:27:05.568395+00:00",
      "modified": "2014-08-08 23:27:05.568395+00:00"
    }
  },
  {
    "model": "working_waterfronts_api.Hazard",
    "pk": "32",
    "fields": {
      "name": "32",
      "description": "32",
      "pointofinterests": [32],
      "created": "2014-08-08 23:27:05.568395+00:00",
      "modified": "2014-08-08 23:27:05.568395+00:00"
    }
  },
  {
    "model": "working_waterfronts_api.PointOfInterest",
    "pk": "32",
    "fields": {
      "name": "32",
      "alt_name": "",
      "description": "32",
      "history": "32",
      "facts": "32",
      "location": "POINT (-124.1053399999999982 43.9668739999999971)",
      "street": "32",
      "city": "32",
      "state": "32",
      "location_description": "out on the cape over there",
      "zip": "11234",
      "website": "",
      "email": "",
      "phone": "",
      "hazards": [32],
      "categories": [32],
      "created": "2014-08-08 23:27:05.568395+00:00",
      "modified": "2014-08-08 23:27:05.568395+00:00"
    }
  } ]